Variable,MSE,MAE,RMSE,MAPE,Accuracy
GDP,3.161390260149823,1.3215820046265918,1.7780298816807953,40.928198722068004,59.071801277931996
CPI,1.0443297141838654,0.7320000038868159,1.021924514914808,37.257335196773994,62.742664803226006
UNRATE,3.5118059390346046,0.7872085650761922,1.8739813070131208,12.052010096123615,87.94798990387639
IR,0.16232235014724303,0.2816916602477431,0.40289247963599795,173.15627153959215,-73.15627153959215
BOP,779949158.9623963,20437.663802083334,27927.569872124503,10.911141421557726,89.08885857844227
