Variable,MSE,MAE,RMSE,MAPE,Accuracy
GDP,3.0890055856246286,1.30973979194959,1.7575567090778688,42.42674042004856,57.57325957995144
CPI,0.9319761054300018,0.6761391277681478,0.9653890953548221,37.0156723293076,62.9843276706924
UNRATE,3.603187506571615,0.6830502796173097,1.8982063919847112,8.969920696983651,91.03007930301635
IR,0.1545678254262573,0.2613076704939207,0.3931511483211734,119.22553941121474,-19.22553941121474
BOP,467258769.4470437,15586.941927083333,21616.16916678447,8.898317680820995,91.101682319179
