Variable,MSE,MAE,RMSE,MAPE,Accuracy
GDP,5.664204227843715,2.173070192337036,2.3799588710403623,40.49517690775036,59.50482309224964
CPI,1.241123083575053,0.8363929808139802,1.1140570378463812,33.40045195658961,66.59954804341038
UNRATE,29.769655560828486,5.044155812263488,5.4561575821111035,221.47879914098561,-121.47879914098561
IR,1.0410031513812612,0.8625604510307312,1.020295619603094,19.335273732936457,80.66472626706354
BOP,132.8289960601959,10.25019163274765,11.52514624897211,159.96336354115778,-59.963363541157776
