Variable,MSE,MAE,RMSE,MAPE,Accuracy
GDP,5.716083433895806,1.707809167702993,2.390833209133545,55.06844931572714,44.93155068427286
CPI,3.7513669508373524,1.2607251671691382,1.9368445861341979,39.86704944038042,60.13295055961958
UNRATE,3.0891029020703935,1.1840660572052002,1.7575843940108236,25.323169184672388,74.6768308153276
IR,1.4482876582976407,0.808673127536972,1.203448236650684,486.8620816630954,-386.8620816630954
BOP,2920883650.4261866,42274.90091145833,54045.20006833342,21.41639833686731,78.5836016631327
