Variable,MSE,MAE,RMSE,MAPE,Accuracy
GDP,5.762831392287067,1.7107431586583457,2.4005898009212374,53.89005215250059,46.10994784749941
CPI,4.524803563132111,1.3283861591348776,2.1271585655827616,38.87724699726786,61.12275300273214
UNRATE,3.590876334501607,1.439879290262858,1.8949607738688437,32.23924280503551,67.7607571949645
IR,1.3131921023304198,0.889508302946885,1.1459459421501608,433.7675779909988,-333.7675779909988
BOP,3269142194.7846375,46009.19973958333,57176.41292337809,22.746755775778357,77.25324422422165
