Variable,MSE,MAE,RMSE,MAPE,Accuracy
GDP,8.057164967326822,1.8895776669184365,2.8385145705679973,46.56183961081194,53.43816038918806
CPI,5.783686211789736,1.5202004095509338,2.4049295648292355,47.2657293303849,52.7342706696151
UNRATE,3.187063106274661,1.0736560408274334,1.7852347482263111,21.622514657107285,78.37748534289271
IR,0.43639954407327713,0.4975516852537791,0.6606054375141618,287.53708520525197,-187.53708520525197
BOP,3516515418.0576863,47649.60729166667,59300.214317131155,24.691237302041763,75.30876269795823
